"","date","trt","bed","range","psi","time","plot","gt","campaign"
"1","05jul21_","d",3,11,0.327,13,"d_3_11",12,"first"
"2","05jul21_","d",5,11,0.307,13,"d_5_11",7,"first"
"3","05jul21_","d",5,10,0.197,13,"d_5_10",14,"first"
"4","05jul21_","d",7,6,0.288,13,"d_7_6",8,"first"
"5","05jul21_","d",13,15,0.146,13,"d_13_15",13,"first"
"6","05jul21_","d",21,7,0.21,13,"d_21_7",6,"first"
"7","05jul21_","d",23,8,0.287,13,"d_23_8",16,"first"
"8","05jul21_","d",31,4,0.294,13,"d_31_4",1,"first"
"9","05jul21_","d",33,10,0.105,13,"d_33_10",10,"first"
"10","05jul21_","c",31,7,0.174,13,"c_31_7",13,"first"
"11","05jul21_","c",23,6,0.408,13,"c_23_6",16,"first"
"12","05jul21_","c",21,10,0.166,13,"c_21_10",2,"first"
"13","05jul21_","c",19,14,0.178,13,"c_19_14",15,"first"
"14","05jul21_","c",15,11,0.685,13,"c_15_11",8,"first"
"15","05jul21_","c",15,5,0.333,13,"c_15_5",7,"first"
"16","05jul21_","c",13,2,0.382,13,"c_13_2",12,"first"
"17","05jul21_","c",11,3,0.266,13,"c_11_3",11,"first"
"18","05jul21_","c",5,6,0.275,13,"c_5_6",4,"first"
"19","05jul21_","d",3,11,0.413,13,"d_3_11",12,"first"
"20","05jul21_","d",5,11,0.406,13,"d_5_11",7,"first"
"21","05jul21_","d",5,10,0.251,13,"d_5_10",14,"first"
"22","05jul21_","d",7,6,0.253,13,"d_7_6",8,"first"
"23","05jul21_","d",13,15,0.545,13,"d_13_15",13,"first"
"24","05jul21_","d",21,7,0.23,13,"d_21_7",6,"first"
"25","05jul21_","d",23,8,0.304,13,"d_23_8",16,"first"
"26","05jul21_","d",31,4,0.225,13,"d_31_4",1,"first"
"27","05jul21_","d",33,10,0.34,13,"d_33_10",10,"first"
"28","05jul21_","c",31,7,0.131,13,"c_31_7",13,"first"
"29","05jul21_","c",23,6,0.37,13,"c_23_6",16,"first"
"30","05jul21_","c",21,10,0.185,13,"c_21_10",2,"first"
"31","05jul21_","c",19,14,0.103,13,"c_19_14",15,"first"
"32","05jul21_","c",15,11,0.656,13,"c_15_11",8,"first"
"33","05jul21_","c",15,5,0.195,13,"c_15_5",7,"first"
"34","05jul21_","c",13,2,0.445,13,"c_13_2",12,"first"
"35","05jul21_","c",11,3,0.078,13,"c_11_3",11,"first"
"36","05jul21_","c",5,6,0.223,13,"c_5_6",4,"first"
"37","05jul21_","d",3,11,0.092,6,"d_3_11",12,"first"
"38","05jul21_","d",5,11,0.072,6,"d_5_11",7,"first"
"39","05jul21_","d",5,10,0.073,6,"d_5_10",14,"first"
"40","05jul21_","d",7,6,0.097,6,"d_7_6",8,"first"
"41","05jul21_","d",13,15,0.104,6,"d_13_15",13,"first"
"42","05jul21_","d",21,7,0.081,6,"d_21_7",6,"first"
"43","05jul21_","d",23,8,0.153,6,"d_23_8",16,"first"
"44","05jul21_","d",31,4,0.132,6,"d_31_4",1,"first"
"45","05jul21_","d",33,10,0.046,6,"d_33_10",10,"first"
"46","05jul21_","c",31,7,0.11,6,"c_31_7",13,"first"
"47","05jul21_","c",23,6,0.173,6,"c_23_6",16,"first"
"48","05jul21_","c",21,10,0.188,6,"c_21_10",2,"first"
"49","05jul21_","c",19,14,0.148,6,"c_19_14",15,"first"
"50","05jul21_","c",15,11,0.171,6,"c_15_11",8,"first"
"51","05jul21_","c",15,5,0.088,6,"c_15_5",7,"first"
"52","05jul21_","c",13,2,0.106,6,"c_13_2",12,"first"
"53","05jul21_","c",11,3,0.111,6,"c_11_3",11,"first"
"54","05jul21_","c",5,6,0.097,6,"c_5_6",4,"first"
"55","05jul21_","d",3,11,0.105,6,"d_3_11",12,"first"
"56","05jul21_","d",5,11,0.098,6,"d_5_11",7,"first"
"57","05jul21_","d",5,10,0.064,6,"d_5_10",14,"first"
"58","05jul21_","d",7,6,0.112,6,"d_7_6",8,"first"
"59","05jul21_","d",13,15,0.097,6,"d_13_15",13,"first"
"60","05jul21_","d",21,7,0.087,6,"d_21_7",6,"first"
"61","05jul21_","d",23,8,0.141,6,"d_23_8",16,"first"
"62","05jul21_","d",31,4,0.152,6,"d_31_4",1,"first"
"63","05jul21_","d",33,10,0.064,6,"d_33_10",10,"first"
"64","05jul21_","c",31,7,0.123,6,"c_31_7",13,"first"
"65","05jul21_","c",23,6,0.162,6,"c_23_6",16,"first"
"66","05jul21_","c",21,10,0.166,6,"c_21_10",2,"first"
"67","05jul21_","c",19,14,0.138,6,"c_19_14",15,"first"
"68","05jul21_","c",15,11,0.13,6,"c_15_11",8,"first"
"69","05jul21_","c",15,5,0.067,6,"c_15_5",7,"first"
"70","05jul21_","c",13,2,0.084,6,"c_13_2",12,"first"
"71","05jul21_","c",11,3,0.104,6,"c_11_3",11,"first"
"72","05jul21_","c",5,6,0.209,6,"c_5_6",4,"first"
"73","06jul21_","d",37,13,0.265,13,"d_37_13",5,"first"
"74","06jul21_","d",39,7,0.481,13,"d_39_7",2,"first"
"75","06jul21_","d",39,5,0.15,13,"d_39_5",15,"first"
"76","06jul21_","d",43,7,0.267,13,"d_43_7",4,"first"
"77","06jul21_","d",43,8,0.125,13,"d_43_8",3,"first"
"78","06jul21_","d",43,14,0.304,13,"d_43_14",11,"first"
"79","06jul21_","d",51,6,0.209,13,"d_51_6",9,"first"
"80","06jul21_","d",59,8,0.34,13,"d_59_8",4,"first"
"81","06jul21_","d",61,5,0.199,13,"d_61_5",6,"first"
"82","06jul21_","d",61,13,0.586,13,"d_61_13",10,"first"
"83","06jul21_","d",63,11,0.177,13,"d_63_11",9,"first"
"84","06jul21_","c",65,5,0.306,13,"c_65_5",2,"first"
"85","06jul21_","c",55,12,0.184,13,"c_55_12",9,"first"
"86","06jul21_","c",51,10,0.257,13,"c_51_10",5,"first"
"87","06jul21_","c",47,5,0.22,13,"c_47_5",1,"first"
"88","06jul21_","c",45,13,0.237,13,"c_45_13",7,"first"
"89","06jul21_","c",41,3,0.064,13,"c_41_3",14,"first"
"90","06jul21_","c",39,11,0.135,13,"c_39_11",4,"first"
"91","06jul21_","c",35,15,0.333,13,"c_35_15",11,"first"
"92","06jul21_","c",35,10,0.125,13,"c_35_10",9,"first"
"93","06jul21_","d",37,13,0.285,13,"d_37_13",5,"first"
"94","06jul21_","d",39,7,0.157,13,"d_39_7",2,"first"
"95","06jul21_","d",39,5,0.129,13,"d_39_5",15,"first"
"96","06jul21_","d",43,7,0.308,13,"d_43_7",4,"first"
"97","06jul21_","d",43,8,0.707,13,"d_43_8",3,"first"
"98","06jul21_","d",43,14,0.472,13,"d_43_14",11,"first"
"99","06jul21_","d",51,6,0.295,13,"d_51_6",9,"first"
"100","06jul21_","d",59,8,0.601,13,"d_59_8",4,"first"
"101","06jul21_","d",61,5,0.136,13,"d_61_5",6,"first"
"102","06jul21_","d",61,13,0.176,13,"d_61_13",10,"first"
"103","06jul21_","d",63,11,0.206,13,"d_63_11",9,"first"
"104","06jul21_","c",65,5,0.267,13,"c_65_5",2,"first"
"105","06jul21_","c",55,12,0.251,13,"c_55_12",9,"first"
"106","06jul21_","c",51,10,0.281,13,"c_51_10",5,"first"
"107","06jul21_","c",47,5,0.212,13,"c_47_5",1,"first"
"108","06jul21_","c",45,13,0.205,13,"c_45_13",7,"first"
"109","06jul21_","c",41,3,0.154,13,"c_41_3",14,"first"
"110","06jul21_","c",39,11,0.113,13,"c_39_11",4,"first"
"111","06jul21_","c",35,15,0.24,13,"c_35_15",11,"first"
"112","06jul21_","c",35,10,0.113,13,"c_35_10",9,"first"
"113","06jul21_","d",37,13,0.2,6,"d_37_13",5,"first"
"114","06jul21_","d",39,7,0.053,6,"d_39_7",2,"first"
"115","06jul21_","d",39,5,0.042,6,"d_39_5",15,"first"
"116","06jul21_","d",43,7,0.112,6,"d_43_7",4,"first"
"117","06jul21_","d",43,8,0.207,6,"d_43_8",3,"first"
"118","06jul21_","d",43,14,0.202,6,"d_43_14",11,"first"
"119","06jul21_","d",51,6,0.125,6,"d_51_6",9,"first"
"120","06jul21_","d",59,8,0.105,6,"d_59_8",4,"first"
"121","06jul21_","d",61,5,0.104,6,"d_61_5",6,"first"
"122","06jul21_","d",61,13,0.113,6,"d_61_13",10,"first"
"123","06jul21_","d",63,11,0.354,6,"d_63_11",9,"first"
"124","06jul21_","c",65,5,0.189,6,"c_65_5",2,"first"
"125","06jul21_","c",55,12,0.162,6,"c_55_12",9,"first"
"126","06jul21_","c",51,10,0.13,6,"c_51_10",5,"first"
"127","06jul21_","c",47,5,0.267,6,"c_47_5",1,"first"
"128","06jul21_","c",45,13,0.16,6,"c_45_13",7,"first"
"129","06jul21_","c",41,3,0.131,6,"c_41_3",14,"first"
"130","06jul21_","c",39,11,0.105,6,"c_39_11",4,"first"
"131","06jul21_","c",35,15,0.351,6,"c_35_15",11,"first"
"132","06jul21_","c",35,10,0.071,6,"c_35_10",9,"first"
"133","06jul21_","d",37,13,0.252,6,"d_37_13",5,"first"
"134","06jul21_","d",39,7,0.031,6,"d_39_7",2,"first"
"135","06jul21_","d",39,5,0.05,6,"d_39_5",15,"first"
"136","06jul21_","d",43,7,0.045,6,"d_43_7",4,"first"
"137","06jul21_","d",43,8,0.072,6,"d_43_8",3,"first"
"138","06jul21_","d",43,14,0.271,6,"d_43_14",11,"first"
"139","06jul21_","d",51,6,0.166,6,"d_51_6",9,"first"
"140","06jul21_","d",59,8,0.09,6,"d_59_8",4,"first"
"141","06jul21_","d",61,5,0.36,6,"d_61_5",6,"first"
"142","06jul21_","d",61,13,0.12,6,"d_61_13",10,"first"
"143","06jul21_","d",63,11,0.255,6,"d_63_11",9,"first"
"144","06jul21_","c",65,5,0.163,6,"c_65_5",2,"first"
"145","06jul21_","c",55,12,0.18,6,"c_55_12",9,"first"
"146","06jul21_","c",51,10,0.135,6,"c_51_10",5,"first"
"147","06jul21_","c",47,5,0.11,6,"c_47_5",1,"first"
"148","06jul21_","c",45,13,0.191,6,"c_45_13",7,"first"
"149","06jul21_","c",41,3,0.245,6,"c_41_3",14,"first"
"150","06jul21_","c",39,11,0.091,6,"c_39_11",4,"first"
"151","06jul21_","c",35,15,0.209,6,"c_35_15",11,"first"
"152","06jul21_","c",35,10,0.087,6,"c_35_10",9,"first"
"153","07jul21_","d",69,15,0.265,13,"d_69_15",15,"first"
"154","07jul21_","d",69,3,0.218,13,"d_69_3",8,"first"
"155","07jul21_","d",71,8,0.308,13,"d_71_8",7,"first"
"156","07jul21_","d",73,13,0.173,13,"d_73_13",16,"first"
"157","07jul21_","d",83,14,0.293,13,"d_83_14",208,"first"
"158","07jul21_","d",85,4,0.14,13,"d_85_4",4,"first"
"159","07jul21_","d",87,14,0.307,13,"d_87_14",2,"first"
"160","07jul21_","d",91,10,0.098,13,"d_91_10",5,"first"
"161","07jul21_","d",93,7,0.335,13,"d_93_7",1,"first"
"162","07jul21_","d",93,14,0.483,13,"d_93_14",14,"first"
"163","07jul21_","c",99,11,0.623,13,"c_99_11",8,"first"
"164","07jul21_","c",99,3,0.253,13,"c_99_3",6,"first"
"165","07jul21_","c",95,3,0.353,13,"c_95_3",12,"first"
"166","07jul21_","c",93,5,0.279,13,"c_93_5",15,"first"
"167","07jul21_","c",91,8,0.118,13,"c_91_8",16,"first"
"168","07jul21_","c",87,6,0.385,13,"c_87_6",10,"first"
"169","07jul21_","c",83,3,0.161,13,"c_83_3",2,"first"
"170","07jul21_","c",69,4,0.211,13,"c_69_4",6,"first"
"171","07jul21_","d",69,15,0.075,13,"d_69_15",15,"first"
"172","07jul21_","d",69,3,0.242,13,"d_69_3",8,"first"
"173","07jul21_","d",71,8,0.498,13,"d_71_8",7,"first"
"174","07jul21_","d",73,13,0.158,13,"d_73_13",16,"first"
"175","07jul21_","d",83,14,0.287,13,"d_83_14",208,"first"
"176","07jul21_","d",85,4,0.123,13,"d_85_4",4,"first"
"177","07jul21_","d",87,14,0.23,13,"d_87_14",2,"first"
"178","07jul21_","d",91,10,0.227,13,"d_91_10",5,"first"
"179","07jul21_","d",93,7,0.159,13,"d_93_7",1,"first"
"180","07jul21_","d",93,14,0.623,13,"d_93_14",14,"first"
"181","07jul21_","c",99,11,0.498,13,"c_99_11",8,"first"
"182","07jul21_","c",99,3,0.545,13,"c_99_3",6,"first"
"183","07jul21_","c",95,3,0.395,13,"c_95_3",12,"first"
"184","07jul21_","c",93,5,0.164,13,"c_93_5",15,"first"
"185","07jul21_","c",91,8,0.257,13,"c_91_8",16,"first"
"186","07jul21_","c",87,6,0.491,13,"c_87_6",10,"first"
"187","07jul21_","c",83,3,0.226,13,"c_83_3",2,"first"
"188","07jul21_","c",69,4,0.181,13,"c_69_4",6,"first"
"189","07jul21_","d",69,15,0.283,6,"d_69_15",15,"first"
"190","07jul21_","d",69,3,0.379,6,"d_69_3",8,"first"
"191","07jul21_","d",71,8,0.414,6,"d_71_8",7,"first"
"192","07jul21_","d",73,13,0.322,6,"d_73_13",16,"first"
"193","07jul21_","d",83,14,0.312,6,"d_83_14",208,"first"
"194","07jul21_","d",85,4,0.052,6,"d_85_4",4,"first"
"195","07jul21_","d",87,14,0.228,6,"d_87_14",2,"first"
"196","07jul21_","d",91,10,0.31,6,"d_91_10",5,"first"
"197","07jul21_","d",93,7,0.258,6,"d_93_7",1,"first"
"198","07jul21_","d",93,14,0.336,6,"d_93_14",14,"first"
"199","07jul21_","c",99,11,0.138,6,"c_99_11",8,"first"
"200","07jul21_","c",99,3,0.086,6,"c_99_3",6,"first"
"201","07jul21_","c",95,3,0.252,6,"c_95_3",12,"first"
"202","07jul21_","c",93,5,0.2,6,"c_93_5",15,"first"
"203","07jul21_","c",91,8,0.067,6,"c_91_8",16,"first"
"204","07jul21_","c",87,6,0.246,6,"c_87_6",10,"first"
"205","07jul21_","c",83,3,0.015,6,"c_83_3",2,"first"
"206","07jul21_","c",69,4,0.078,6,"c_69_4",6,"first"
"207","07jul21_","d",69,15,0.371,6,"d_69_15",15,"first"
"208","07jul21_","d",69,3,0.327,6,"d_69_3",8,"first"
"209","07jul21_","d",71,8,0.438,6,"d_71_8",7,"first"
"210","07jul21_","d",73,13,0.33,6,"d_73_13",16,"first"
"211","07jul21_","d",83,14,0.155,6,"d_83_14",208,"first"
"212","07jul21_","d",85,4,0.138,6,"d_85_4",4,"first"
"213","07jul21_","d",87,14,0.112,6,"d_87_14",2,"first"
"214","07jul21_","d",91,10,0.33,6,"d_91_10",5,"first"
"215","07jul21_","d",93,7,0.181,6,"d_93_7",1,"first"
"216","07jul21_","d",93,14,0.258,6,"d_93_14",14,"first"
"217","07jul21_","c",99,11,0.181,6,"c_99_11",8,"first"
"218","07jul21_","c",99,3,0.345,6,"c_99_3",6,"first"
"219","07jul21_","c",95,3,0.259,6,"c_95_3",12,"first"
"220","07jul21_","c",93,5,0.232,6,"c_93_5",15,"first"
"221","07jul21_","c",91,8,0.054,6,"c_91_8",16,"first"
"222","07jul21_","c",87,6,0.25,6,"c_87_6",10,"first"
"223","07jul21_","c",83,3,0.027,6,"c_83_3",2,"first"
"224","07jul21_","c",69,4,0.156,6,"c_69_4",6,"first"
"225","08jul21_","d",101,10,0.296,13,"d_101_10",10,"first"
"226","08jul21_","d",101,6,0.186,13,"d_101_6",3,"first"
"227","08jul21_","d",103,5,0.262,13,"d_103_5",7,"first"
"228","08jul21_","d",107,9,0.178,13,"d_107_9",5,"first"
"229","08jul21_","d",107,12,0.148,13,"d_107_12",11,"first"
"230","08jul21_","d",111,9,0.16,13,"d_111_9",14,"first"
"231","08jul21_","d",117,13,0.335,13,"d_117_13",13,"first"
"232","08jul21_","d",121,12,0.171,13,"d_121_12",2,"first"
"233","08jul21_","d",125,14,0.334,13,"d_125_14",12,"first"
"234","08jul21_","d",129,10,0.364,13,"d_129_10",1,"first"
"235","08jul21_","d",129,4,0.299,13,"d_129_4",3,"first"
"236","08jul21_","c",125,10,0.254,13,"c_125_10",6,"first"
"237","08jul21_","c",125,11,0.164,13,"c_125_11",14,"first"
"238","08jul21_","c",123,13,0.521,13,"c_123_13",10,"first"
"239","08jul21_","c",119,7,0.193,13,"c_119_7",13,"first"
"240","08jul21_","c",115,8,1.12,13,"c_115_8",9,"first"
"241","08jul21_","c",113,5,0.141,13,"c_113_5",1,"first"
"242","08jul21_","c",113,2,0.336,13,"c_113_2",5,"first"
"243","08jul21_","c",111,9,0.112,13,"c_111_9",3,"first"
"244","08jul21_","c",103,10,0.312,13,"c_103_10",3,"first"
"245","08jul21_","d",101,10,0.301,13,"d_101_10",10,"first"
"246","08jul21_","d",101,6,0.178,13,"d_101_6",3,"first"
"247","08jul21_","d",103,5,0.13,13,"d_103_5",7,"first"
"248","08jul21_","d",107,9,0.168,13,"d_107_9",5,"first"
"249","08jul21_","d",107,12,0.34,13,"d_107_12",11,"first"
"250","08jul21_","d",111,9,0.21,13,"d_111_9",14,"first"
"251","08jul21_","d",117,13,0.147,13,"d_117_13",13,"first"
"252","08jul21_","d",121,12,0.19,13,"d_121_12",2,"first"
"253","08jul21_","d",125,14,0.18,13,"d_125_14",12,"first"
"254","08jul21_","d",129,10,0.3,13,"d_129_10",1,"first"
"255","08jul21_","d",129,4,0.334,13,"d_129_4",3,"first"
"256","08jul21_","c",125,10,0.301,13,"c_125_10",6,"first"
"257","08jul21_","c",125,11,0.198,13,"c_125_11",14,"first"
"258","08jul21_","c",123,13,0.174,13,"c_123_13",10,"first"
"259","08jul21_","c",119,7,0.175,13,"c_119_7",13,"first"
"260","08jul21_","c",115,8,0.958,13,"c_115_8",9,"first"
"261","08jul21_","c",113,5,0.146,13,"c_113_5",1,"first"
"262","08jul21_","c",113,2,0.363,13,"c_113_2",5,"first"
"263","08jul21_","c",111,9,0.158,13,"c_111_9",3,"first"
"264","08jul21_","c",103,10,0.172,13,"c_103_10",3,"first"
"265","08jul21_","d",101,10,0.14,6,"d_101_10",10,"first"
"266","08jul21_","d",101,6,0.094,6,"d_101_6",3,"first"
"267","08jul21_","d",103,5,0.128,6,"d_103_5",7,"first"
"268","08jul21_","d",107,9,0.226,6,"d_107_9",5,"first"
"269","08jul21_","d",107,12,0.147,6,"d_107_12",11,"first"
"270","08jul21_","d",111,9,0.133,6,"d_111_9",14,"first"
"271","08jul21_","d",117,13,0.137,6,"d_117_13",13,"first"
"272","08jul21_","d",121,12,0.078,6,"d_121_12",2,"first"
"273","08jul21_","d",125,14,0.094,6,"d_125_14",12,"first"
"274","08jul21_","d",129,10,0.088,6,"d_129_10",1,"first"
"275","08jul21_","d",129,4,0.174,6,"d_129_4",3,"first"
"276","08jul21_","c",125,10,0.096,6,"c_125_10",6,"first"
"277","08jul21_","c",125,11,0.112,6,"c_125_11",14,"first"
"278","08jul21_","c",123,13,0.095,6,"c_123_13",10,"first"
"279","08jul21_","c",119,7,0.13,6,"c_119_7",13,"first"
"280","08jul21_","c",115,8,0.068,6,"c_115_8",9,"first"
"281","08jul21_","c",113,5,0.051,6,"c_113_5",1,"first"
"282","08jul21_","c",113,2,0.116,6,"c_113_2",5,"first"
"283","08jul21_","c",111,9,0.123,6,"c_111_9",3,"first"
"284","08jul21_","c",103,10,1,6,"c_103_10",3,"first"
"285","08jul21_","d",101,10,0.119,6,"d_101_10",10,"first"
"286","08jul21_","d",101,6,0.096,6,"d_101_6",3,"first"
"287","08jul21_","d",103,5,0.089,6,"d_103_5",7,"first"
"288","08jul21_","d",107,9,0.262,6,"d_107_9",5,"first"
"289","08jul21_","d",107,12,0.113,6,"d_107_12",11,"first"
"290","08jul21_","d",111,9,0.174,6,"d_111_9",14,"first"
"291","08jul21_","d",117,13,0.137,6,"d_117_13",13,"first"
"292","08jul21_","d",121,12,0.186,6,"d_121_12",2,"first"
"293","08jul21_","d",125,14,0.098,6,"d_125_14",12,"first"
"294","08jul21_","d",129,10,0.17,6,"d_129_10",1,"first"
"295","08jul21_","d",129,4,0.081,6,"d_129_4",3,"first"
"296","08jul21_","c",125,10,0.211,6,"c_125_10",6,"first"
"297","08jul21_","c",125,11,0.048,6,"c_125_11",14,"first"
"298","08jul21_","c",123,13,0.067,6,"c_123_13",10,"first"
"299","08jul21_","c",119,7,0.135,6,"c_119_7",13,"first"
"300","08jul21_","c",115,8,0.131,6,"c_115_8",9,"first"
"301","08jul21_","c",113,5,0.109,6,"c_113_5",1,"first"
"302","08jul21_","c",113,2,0.152,6,"c_113_2",5,"first"
"303","08jul21_","c",111,9,0.078,6,"c_111_9",3,"first"
"304","08jul21_","c",103,10,0.108,6,"c_103_10",3,"first"
"305","09jul21_","d",137,7,0.643,13,"d_137_7",6,"first"
"306","09jul21_","d",139,15,0.638,13,"d_139_15",16,"first"
"307","09jul21_","d",141,14,0.516,13,"d_141_14",9,"first"
"308","09jul21_","d",149,9,0.859,13,"d_149_9",11,"first"
"309","09jul21_","d",151,5,0.636,13,"d_151_5",15,"first"
"310","09jul21_","d",151,10,0.424,13,"d_151_10",13,"first"
"311","09jul21_","d",153,13,0.473,13,"d_153_13",8,"first"
"312","09jul21_","c",155,4,0.277,13,"c_155_4",3,"first"
"313","09jul21_","c",151,11,0.445,13,"c_151_11",14,"first"
"314","09jul21_","c",149,12,0.3,13,"c_149_12",16,"first"
"315","09jul21_","c",145,5,0.933,13,"c_145_5",8,"first"
"316","09jul21_","c",141,6,0.5,13,"c_141_6",12,"first"
"317","09jul21_","c",139,5,0.407,13,"c_139_5",5,"first"
"318","09jul21_","c",139,11,0.745,13,"c_139_11",10,"first"
"319","09jul21_","c",137,12,0.357,13,"c_137_12",1,"first"
"320","09jul21_","c",137,11,0.755,13,"c_137_11",7,"first"
"321","09jul21_","c",137,9,0.218,13,"c_137_9",11,"first"
"322","09jul21_","c",137,8,0.333,13,"c_137_8",13,"first"
"323","09jul21_","c",137,7,0.198,13,"c_137_7",15,"first"
"324","09jul21_","c",135,5,0.575,13,"c_135_5",4,"first"
"325","09jul21_","d",137,7,0.615,13,"d_137_7",6,"first"
"326","09jul21_","d",139,15,0.332,13,"d_139_15",16,"first"
"327","09jul21_","d",141,14,0.53,13,"d_141_14",9,"first"
"328","09jul21_","d",149,9,1.173,13,"d_149_9",11,"first"
"329","09jul21_","d",151,5,0.802,13,"d_151_5",15,"first"
"330","09jul21_","d",151,10,0.427,13,"d_151_10",13,"first"
"331","09jul21_","d",153,13,0.435,13,"d_153_13",8,"first"
"332","09jul21_","c",155,4,0.282,13,"c_155_4",3,"first"
"333","09jul21_","c",151,11,0.632,13,"c_151_11",14,"first"
"334","09jul21_","c",149,12,0.252,13,"c_149_12",16,"first"
"335","09jul21_","c",145,5,0.604,13,"c_145_5",8,"first"
"336","09jul21_","c",141,6,0.268,13,"c_141_6",12,"first"
"337","09jul21_","c",139,5,0.423,13,"c_139_5",5,"first"
"338","09jul21_","c",139,11,0.781,13,"c_139_11",10,"first"
"339","09jul21_","c",137,12,0.264,13,"c_137_12",1,"first"
"340","09jul21_","c",137,11,0.549,13,"c_137_11",7,"first"
"341","09jul21_","c",137,9,0.469,13,"c_137_9",11,"first"
"342","09jul21_","c",137,8,0.456,13,"c_137_8",13,"first"
"343","09jul21_","c",137,7,0.751,13,"c_137_7",15,"first"
"344","09jul21_","c",135,5,0.333,13,"c_135_5",4,"first"
"345","09jul21_","d",137,7,0.325,6,"d_137_7",6,"first"
"346","09jul21_","d",139,15,0.291,6,"d_139_15",16,"first"
"347","09jul21_","d",141,14,0.331,6,"d_141_14",9,"first"
"348","09jul21_","d",149,9,0.312,6,"d_149_9",11,"first"
"349","09jul21_","d",151,5,0.459,6,"d_151_5",15,"first"
"350","09jul21_","d",151,10,0.446,6,"d_151_10",13,"first"
"351","09jul21_","d",153,13,0.373,6,"d_153_13",8,"first"
"352","09jul21_","c",155,4,0.233,6,"c_155_4",3,"first"
"353","09jul21_","c",151,11,0.199,6,"c_151_11",14,"first"
"354","09jul21_","c",149,12,0.223,6,"c_149_12",16,"first"
"355","09jul21_","c",145,5,0.454,6,"c_145_5",8,"first"
"356","09jul21_","c",141,6,0.298,6,"c_141_6",12,"first"
"357","09jul21_","c",139,5,0.341,6,"c_139_5",5,"first"
"358","09jul21_","c",139,11,0.321,6,"c_139_11",10,"first"
"359","09jul21_","c",137,12,0.251,6,"c_137_12",1,"first"
"360","09jul21_","c",137,11,0.233,6,"c_137_11",7,"first"
"361","09jul21_","c",137,9,0.191,6,"c_137_9",11,"first"
"362","09jul21_","c",137,8,0.443,6,"c_137_8",13,"first"
"363","09jul21_","c",137,7,0.45,6,"c_137_7",15,"first"
"364","09jul21_","c",135,5,0.156,6,"c_135_5",4,"first"
"365","09jul21_","d",137,7,0.248,6,"d_137_7",6,"first"
"366","09jul21_","d",139,15,0.262,6,"d_139_15",16,"first"
"367","09jul21_","d",141,14,0.623,6,"d_141_14",9,"first"
"368","09jul21_","d",149,9,0.381,6,"d_149_9",11,"first"
"369","09jul21_","d",151,5,0.427,6,"d_151_5",15,"first"
"370","09jul21_","d",151,10,0.322,6,"d_151_10",13,"first"
"371","09jul21_","d",153,13,0.433,6,"d_153_13",8,"first"
"372","09jul21_","c",155,4,0.261,6,"c_155_4",3,"first"
"373","09jul21_","c",151,11,0.208,6,"c_151_11",14,"first"
"374","09jul21_","c",149,12,0.269,6,"c_149_12",16,"first"
"375","09jul21_","c",145,5,0.406,6,"c_145_5",8,"first"
"376","09jul21_","c",141,6,0.166,6,"c_141_6",12,"first"
"377","09jul21_","c",139,5,0.334,6,"c_139_5",5,"first"
"378","09jul21_","c",139,11,0.247,6,"c_139_11",10,"first"
"379","09jul21_","c",137,12,0.143,6,"c_137_12",1,"first"
"380","09jul21_","c",137,11,0.329,6,"c_137_11",7,"first"
"381","09jul21_","c",137,9,0.272,6,"c_137_9",11,"first"
"382","09jul21_","c",137,8,0.202,6,"c_137_8",13,"first"
"383","09jul21_","c",137,7,0.421,6,"c_137_7",15,"first"
"384","09jul21_","c",135,5,0.212,6,"c_135_5",4,"first"
"385","09aug21_","c",5,6,0.125,6,"c_5_6",4,"second"
"386","09aug21_","c",11,3,0.068,6,"c_11_3",11,"second"
"387","09aug21_","c",13,2,0.081,6,"c_13_2",12,"second"
"388","09aug21_","c",15,5,0.145,6,"c_15_5",7,"second"
"389","09aug21_","c",15,11,0.121,6,"c_15_11",8,"second"
"390","09aug21_","c",19,14,0.142,6,"c_19_14",15,"second"
"391","09aug21_","c",21,10,0.145,6,"c_21_10",2,"second"
"392","09aug21_","c",23,6,0.117,6,"c_23_6",16,"second"
"393","09aug21_","c",31,7,0.2,6,"c_31_7",13,"second"
"394","10aug21_","c",35,10,0.091,6,"c_35_10",9,"second"
"395","10aug21_","c",35,15,NA,6,"c_35_15",11,"second"
"396","10aug21_","c",39,11,0.201,6,"c_39_11",4,"second"
"397","10aug21_","c",41,3,0.17,6,"c_41_3",14,"second"
"398","10aug21_","c",45,13,0.241,6,"c_45_13",7,"second"
"399","10aug21_","c",47,5,0.105,6,"c_47_5",1,"second"
"400","10aug21_","c",51,10,0.172,6,"c_51_10",5,"second"
"401","10aug21_","c",55,12,0.225,6,"c_55_12",9,"second"
"402","10aug21_","c",65,5,0.235,6,"c_65_5",2,"second"
"403","11aug21_","c",69,4,0.197,6,"c_69_4",6,"second"
"404","11aug21_","c",83,3,0.243,6,"c_83_3",2,"second"
"405","11aug21_","c",87,6,0.076,6,"c_87_6",10,"second"
"406","11aug21_","c",91,8,0.225,6,"c_91_8",16,"second"
"407","11aug21_","c",93,5,0.2,6,"c_93_5",15,"second"
"408","11aug21_","c",95,3,0.107,6,"c_95_3",12,"second"
"409","11aug21_","c",99,3,0.254,6,"c_99_3",6,"second"
"410","11aug21_","c",99,11,0.275,6,"c_99_11",8,"second"
"411","12aug21_","c",103,10,0.281,6,"c_103_10",3,"second"
"412","12aug21_","c",111,9,0.262,6,"c_111_9",3,"second"
"413","12aug21_","c",113,2,0.209,6,"c_113_2",5,"second"
"414","12aug21_","c",113,5,0.31,6,"c_113_5",1,"second"
"415","12aug21_","c",115,8,NA,6,"c_115_8",9,"second"
"416","12aug21_","c",119,7,0.229,6,"c_119_7",13,"second"
"417","12aug21_","c",123,13,NA,6,"c_123_13",10,"second"
"418","12aug21_","c",125,10,0.288,6,"c_125_10",6,"second"
"419","12aug21_","c",125,11,0.275,6,"c_125_11",14,"second"
"420","13aug21_","c",135,5,0.133,6,"c_135_5",4,"second"
"421","13aug21_","c",137,7,0.211,6,"c_137_7",15,"second"
"422","13aug21_","c",137,8,0.303,6,"c_137_8",13,"second"
"423","13aug21_","c",137,9,0.175,6,"c_137_9",11,"second"
"424","13aug21_","c",137,11,0.36,6,"c_137_11",7,"second"
"425","13aug21_","c",137,12,0.305,6,"c_137_12",1,"second"
"426","13aug21_","c",139,5,0.324,6,"c_139_5",5,"second"
"427","13aug21_","c",139,11,0.233,6,"c_139_11",10,"second"
"428","13aug21_","c",141,6,0.199,6,"c_141_6",12,"second"
"429","13aug21_","c",145,5,0.415,6,"c_145_5",8,"second"
"430","13aug21_","c",149,12,0.25,6,"c_149_12",16,"second"
"431","13aug21_","c",151,11,0.288,6,"c_151_11",14,"second"
"432","13aug21_","c",155,4,0.322,6,"c_155_4",3,"second"
"433","09aug21_","d",3,11,NA,6,"d_3_11",12,"second"
"434","09aug21_","d",5,10,0.233,6,"d_5_10",14,"second"
"435","09aug21_","d",5,11,0.244,6,"d_5_11",7,"second"
"436","09aug21_","d",7,6,0.268,6,"d_7_6",8,"second"
"437","09aug21_","d",13,15,0.041,6,"d_13_15",13,"second"
"438","09aug21_","d",21,7,0.133,6,"d_21_7",6,"second"
"439","09aug21_","d",23,8,0.196,6,"d_23_8",16,"second"
"440","09aug21_","d",31,4,0.22,6,"d_31_4",1,"second"
"441","09aug21_","d",33,10,0.164,6,"d_33_10",10,"second"
"442","10aug21_","d",37,13,0.243,6,"d_37_13",5,"second"
"443","10aug21_","d",39,5,0.088,6,"d_39_5",15,"second"
"444","10aug21_","d",39,7,0.323,6,"d_39_7",2,"second"
"445","10aug21_","d",43,7,0.331,6,"d_43_7",4,"second"
"446","10aug21_","d",43,8,0.132,6,"d_43_8",3,"second"
"447","10aug21_","d",43,14,NA,6,"d_43_14",11,"second"
"448","10aug21_","d",51,6,0.286,6,"d_51_6",9,"second"
"449","10aug21_","d",59,8,0.38,6,"d_59_8",4,"second"
"450","10aug21_","d",61,5,0.131,6,"d_61_5",6,"second"
"451","10aug21_","d",61,13,NA,6,"d_61_13",10,"second"
"452","10aug21_","d",63,11,0.216,6,"d_63_11",9,"second"
"453","11aug21_","d",69,3,0.435,6,"d_69_3",8,"second"
"454","11aug21_","d",69,15,0.325,6,"d_69_15",15,"second"
"455","11aug21_","d",71,8,0.096,6,"d_71_8",7,"second"
"456","11aug21_","d",73,13,0.168,6,"d_73_13",16,"second"
"457","11aug21_","d",83,14,0.334,6,"d_83_14",208,"second"
"458","11aug21_","d",85,4,0.277,6,"d_85_4",4,"second"
"459","11aug21_","d",87,14,0.155,6,"d_87_14",2,"second"
"460","11aug21_","d",91,10,0.245,6,"d_91_10",5,"second"
"461","11aug21_","d",93,7,0.25,6,"d_93_7",1,"second"
"462","11aug21_","d",93,14,0.286,6,"d_93_14",14,"second"
"463","12aug21_","d",101,6,0.292,6,"d_101_6",3,"second"
"464","12aug21_","d",101,10,0.323,6,"d_101_10",10,"second"
"465","12aug21_","d",103,5,0.322,6,"d_103_5",7,"second"
"466","12aug21_","d",107,9,0.096,6,"d_107_9",5,"second"
"467","12aug21_","d",107,12,0.637,6,"d_107_12",11,"second"
"468","12aug21_","d",111,9,0.322,6,"d_111_9",14,"second"
"469","12aug21_","d",117,13,0.458,6,"d_117_13",13,"second"
"470","12aug21_","d",121,12,0.57,6,"d_121_12",2,"second"
"471","12aug21_","d",125,14,0.395,6,"d_125_14",12,"second"
"472","12aug21_","d",129,4,0.221,6,"d_129_4",3,"second"
"473","12aug21_","d",129,10,0.232,6,"d_129_10",1,"second"
"474","13aug21_","d",137,7,0.35,6,"d_137_7",6,"second"
"475","13aug21_","d",139,15,0.252,6,"d_139_15",16,"second"
"476","13aug21_","d",141,14,0.489,6,"d_141_14",9,"second"
"477","13aug21_","d",149,9,0.617,6,"d_149_9",11,"second"
"478","13aug21_","d",151,5,0.328,6,"d_151_5",15,"second"
"479","13aug21_","d",151,10,0.361,6,"d_151_10",13,"second"
"480","13aug21_","d",153,13,0.729,6,"d_153_13",8,"second"
"481","09aug21_","c",5,6,0.13,6,"c_5_6",4,"second"
"482","09aug21_","c",11,3,0.087,6,"c_11_3",11,"second"
"483","09aug21_","c",13,2,0.077,6,"c_13_2",12,"second"
"484","09aug21_","c",15,5,0.126,6,"c_15_5",7,"second"
"485","09aug21_","c",15,11,0.181,6,"c_15_11",8,"second"
"486","09aug21_","c",19,14,0.165,6,"c_19_14",15,"second"
"487","09aug21_","c",21,10,0.156,6,"c_21_10",2,"second"
"488","09aug21_","c",23,6,0.151,6,"c_23_6",16,"second"
"489","09aug21_","c",31,7,0.069,6,"c_31_7",13,"second"
"490","10aug21_","c",35,10,0.18,6,"c_35_10",9,"second"
"491","10aug21_","c",35,15,NA,6,"c_35_15",11,"second"
"492","10aug21_","c",39,11,0.124,6,"c_39_11",4,"second"
"493","10aug21_","c",41,3,0.231,6,"c_41_3",14,"second"
"494","10aug21_","c",45,13,0.231,6,"c_45_13",7,"second"
"495","10aug21_","c",47,5,0.166,6,"c_47_5",1,"second"
"496","10aug21_","c",51,10,0.272,6,"c_51_10",5,"second"
"497","10aug21_","c",55,12,0.186,6,"c_55_12",9,"second"
"498","10aug21_","c",65,5,0.183,6,"c_65_5",2,"second"
"499","11aug21_","c",69,4,0.179,6,"c_69_4",6,"second"
"500","11aug21_","c",83,3,0.21,6,"c_83_3",2,"second"
"501","11aug21_","c",87,6,0.161,6,"c_87_6",10,"second"
"502","11aug21_","c",91,8,0.243,6,"c_91_8",16,"second"
"503","11aug21_","c",93,5,0.231,6,"c_93_5",15,"second"
"504","11aug21_","c",95,3,0.183,6,"c_95_3",12,"second"
"505","11aug21_","c",99,3,0.301,6,"c_99_3",6,"second"
"506","11aug21_","c",99,11,0.345,6,"c_99_11",8,"second"
"507","12aug21_","c",103,10,0.221,6,"c_103_10",3,"second"
"508","12aug21_","c",111,9,0.261,6,"c_111_9",3,"second"
"509","12aug21_","c",113,2,0.256,6,"c_113_2",5,"second"
"510","12aug21_","c",113,5,0.71,6,"c_113_5",1,"second"
"511","12aug21_","c",115,8,NA,6,"c_115_8",9,"second"
"512","12aug21_","c",119,7,0.293,6,"c_119_7",13,"second"
"513","12aug21_","c",123,13,NA,6,"c_123_13",10,"second"
"514","12aug21_","c",125,10,0.197,6,"c_125_10",6,"second"
"515","12aug21_","c",125,11,0.246,6,"c_125_11",14,"second"
"516","13aug21_","c",135,5,0.297,6,"c_135_5",4,"second"
"517","13aug21_","c",137,7,0.31,6,"c_137_7",15,"second"
"518","13aug21_","c",137,8,0.287,6,"c_137_8",13,"second"
"519","13aug21_","c",137,9,0.34,6,"c_137_9",11,"second"
"520","13aug21_","c",137,11,0.329,6,"c_137_11",7,"second"
"521","13aug21_","c",137,12,0.385,6,"c_137_12",1,"second"
"522","13aug21_","c",139,5,0.291,6,"c_139_5",5,"second"
"523","13aug21_","c",139,11,0.218,6,"c_139_11",10,"second"
"524","13aug21_","c",141,6,0.345,6,"c_141_6",12,"second"
"525","13aug21_","c",145,5,0.334,6,"c_145_5",8,"second"
"526","13aug21_","c",149,12,0.155,6,"c_149_12",16,"second"
"527","13aug21_","c",151,11,0.305,6,"c_151_11",14,"second"
"528","13aug21_","c",155,4,0.399,6,"c_155_4",3,"second"
"529","09aug21_","d",3,11,NA,6,"d_3_11",12,"second"
"530","09aug21_","d",5,10,0.149,6,"d_5_10",14,"second"
"531","09aug21_","d",5,11,0.295,6,"d_5_11",7,"second"
"532","09aug21_","d",7,6,0.245,6,"d_7_6",8,"second"
"533","09aug21_","d",13,15,0.223,6,"d_13_15",13,"second"
"534","09aug21_","d",21,7,0.044,6,"d_21_7",6,"second"
"535","09aug21_","d",23,8,0.174,6,"d_23_8",16,"second"
"536","09aug21_","d",31,4,0.13,6,"d_31_4",1,"second"
"537","09aug21_","d",33,10,0.114,6,"d_33_10",10,"second"
"538","10aug21_","d",37,13,0.396,6,"d_37_13",5,"second"
"539","10aug21_","d",39,5,0.188,6,"d_39_5",15,"second"
"540","10aug21_","d",39,7,0.246,6,"d_39_7",2,"second"
"541","10aug21_","d",43,7,0.234,6,"d_43_7",4,"second"
"542","10aug21_","d",43,8,0.183,6,"d_43_8",3,"second"
"543","10aug21_","d",43,14,NA,6,"d_43_14",11,"second"
"544","10aug21_","d",51,6,0.167,6,"d_51_6",9,"second"
"545","10aug21_","d",59,8,0.114,6,"d_59_8",4,"second"
"546","10aug21_","d",61,5,0.211,6,"d_61_5",6,"second"
"547","10aug21_","d",61,13,NA,6,"d_61_13",10,"second"
"548","10aug21_","d",63,11,0.373,6,"d_63_11",9,"second"
"549","11aug21_","d",69,3,0.428,6,"d_69_3",8,"second"
"550","11aug21_","d",69,15,0.535,6,"d_69_15",15,"second"
"551","11aug21_","d",71,8,0.272,6,"d_71_8",7,"second"
"552","11aug21_","d",73,13,0.18,6,"d_73_13",16,"second"
"553","11aug21_","d",83,14,0.182,6,"d_83_14",208,"second"
"554","11aug21_","d",85,4,0.427,6,"d_85_4",4,"second"
"555","11aug21_","d",87,14,0.484,6,"d_87_14",2,"second"
"556","11aug21_","d",91,10,0.188,6,"d_91_10",5,"second"
"557","11aug21_","d",93,7,0.345,6,"d_93_7",1,"second"
"558","11aug21_","d",93,14,0.237,6,"d_93_14",14,"second"
"559","12aug21_","d",101,6,0.395,6,"d_101_6",3,"second"
"560","12aug21_","d",101,10,0.283,6,"d_101_10",10,"second"
"561","12aug21_","d",103,5,0.238,6,"d_103_5",7,"second"
"562","12aug21_","d",107,9,0.36,6,"d_107_9",5,"second"
"563","12aug21_","d",107,12,0.303,6,"d_107_12",11,"second"
"564","12aug21_","d",111,9,0.217,6,"d_111_9",14,"second"
"565","12aug21_","d",117,13,0.43,6,"d_117_13",13,"second"
"566","12aug21_","d",121,12,0.406,6,"d_121_12",2,"second"
"567","12aug21_","d",125,14,0.474,6,"d_125_14",12,"second"
"568","12aug21_","d",129,4,0.262,6,"d_129_4",3,"second"
"569","12aug21_","d",129,10,0.242,6,"d_129_10",1,"second"
"570","13aug21_","d",137,7,0.445,6,"d_137_7",6,"second"
"571","13aug21_","d",139,15,0.28,6,"d_139_15",16,"second"
"572","13aug21_","d",141,14,0.551,6,"d_141_14",9,"second"
"573","13aug21_","d",149,9,0.439,6,"d_149_9",11,"second"
"574","13aug21_","d",151,5,0.424,6,"d_151_5",15,"second"
"575","13aug21_","d",151,10,0.3,6,"d_151_10",13,"second"
"576","13aug21_","d",153,13,0.388,6,"d_153_13",8,"second"
"577","09aug21_","c",5,6,0.189,13,"c_5_6",4,"second"
"578","09aug21_","c",11,3,0.47,13,"c_11_3",11,"second"
"579","09aug21_","c",13,2,NA,13,"c_13_2",12,"second"
"580","09aug21_","c",15,5,0.238,13,"c_15_5",7,"second"
"581","09aug21_","c",15,11,0.555,13,"c_15_11",8,"second"
"582","09aug21_","c",19,14,0.349,13,"c_19_14",15,"second"
"583","09aug21_","c",21,10,0.408,13,"c_21_10",2,"second"
"584","09aug21_","c",23,6,0.605,13,"c_23_6",16,"second"
"585","09aug21_","c",31,7,0.452,13,"c_31_7",13,"second"
"586","10aug21_","c",35,10,0.467,13,"c_35_10",9,"second"
"587","10aug21_","c",35,15,NA,13,"c_35_15",11,"second"
"588","10aug21_","c",39,11,0.328,13,"c_39_11",4,"second"
"589","10aug21_","c",41,3,0.678,13,"c_41_3",14,"second"
"590","10aug21_","c",45,13,0.79,13,"c_45_13",7,"second"
"591","10aug21_","c",47,5,0.433,13,"c_47_5",1,"second"
"592","10aug21_","c",51,10,0.527,13,"c_51_10",5,"second"
"593","10aug21_","c",55,12,0.801,13,"c_55_12",9,"second"
"594","10aug21_","c",65,5,0.915,13,"c_65_5",2,"second"
"595","11aug21_","c",69,4,0.538,13,"c_69_4",6,"second"
"596","11aug21_","c",83,3,0.691,13,"c_83_3",2,"second"
"597","11aug21_","c",87,6,0.738,13,"c_87_6",10,"second"
"598","11aug21_","c",91,8,0.458,13,"c_91_8",16,"second"
"599","11aug21_","c",93,5,0.8,13,"c_93_5",15,"second"
"600","11aug21_","c",95,3,0.323,13,"c_95_3",12,"second"
"601","11aug21_","c",99,3,0.354,13,"c_99_3",6,"second"
"602","11aug21_","c",99,11,0.9,13,"c_99_11",8,"second"
"603","12aug21_","c",103,10,0.488,13,"c_103_10",3,"second"
"604","12aug21_","c",111,9,0.278,13,"c_111_9",3,"second"
"605","12aug21_","c",113,2,0.337,13,"c_113_2",5,"second"
"606","12aug21_","c",113,5,0.82,13,"c_113_5",1,"second"
"607","12aug21_","c",115,8,NA,13,"c_115_8",9,"second"
"608","12aug21_","c",119,7,0.761,13,"c_119_7",13,"second"
"609","12aug21_","c",123,13,NA,13,"c_123_13",10,"second"
"610","12aug21_","c",125,10,0.323,13,"c_125_10",6,"second"
"611","12aug21_","c",125,11,0.691,13,"c_125_11",14,"second"
"612","13aug21_","c",135,5,0.415,13,"c_135_5",4,"second"
"613","13aug21_","c",137,7,0.498,13,"c_137_7",15,"second"
"614","13aug21_","c",137,8,0.584,13,"c_137_8",13,"second"
"615","13aug21_","c",137,9,0.633,13,"c_137_9",11,"second"
"616","13aug21_","c",137,11,0.438,13,"c_137_11",7,"second"
"617","13aug21_","c",137,12,0.496,13,"c_137_12",1,"second"
"618","13aug21_","c",139,5,0.425,13,"c_139_5",5,"second"
"619","13aug21_","c",139,11,0.789,13,"c_139_11",10,"second"
"620","13aug21_","c",141,6,0.734,13,"c_141_6",12,"second"
"621","13aug21_","c",145,5,0.86,13,"c_145_5",8,"second"
"622","13aug21_","c",149,12,0.27,13,"c_149_12",16,"second"
"623","13aug21_","c",151,11,0.286,13,"c_151_11",14,"second"
"624","13aug21_","c",155,4,0.899,13,"c_155_4",3,"second"
"625","09aug21_","d",3,11,NA,13,"d_3_11",12,"second"
"626","09aug21_","d",5,10,0.3,13,"d_5_10",14,"second"
"627","09aug21_","d",5,11,0.212,13,"d_5_11",7,"second"
"628","09aug21_","d",7,6,1.067,13,"d_7_6",8,"second"
"629","09aug21_","d",13,15,0.241,13,"d_13_15",13,"second"
"630","09aug21_","d",21,7,0.619,13,"d_21_7",6,"second"
"631","09aug21_","d",23,8,0.443,13,"d_23_8",16,"second"
"632","09aug21_","d",31,4,0.562,13,"d_31_4",1,"second"
"633","09aug21_","d",33,10,0.331,13,"d_33_10",10,"second"
"634","10aug21_","d",37,13,0.894,13,"d_37_13",5,"second"
"635","10aug21_","d",39,5,0.431,13,"d_39_5",15,"second"
"636","10aug21_","d",39,7,0.988,13,"d_39_7",2,"second"
"637","10aug21_","d",43,7,0.613,13,"d_43_7",4,"second"
"638","10aug21_","d",43,8,0.541,13,"d_43_8",3,"second"
"639","10aug21_","d",43,14,NA,13,"d_43_14",11,"second"
"640","10aug21_","d",51,6,0.912,13,"d_51_6",9,"second"
"641","10aug21_","d",59,8,0.547,13,"d_59_8",4,"second"
"642","10aug21_","d",61,5,0.741,13,"d_61_5",6,"second"
"643","10aug21_","d",61,13,NA,13,"d_61_13",10,"second"
"644","10aug21_","d",63,11,1.103,13,"d_63_11",9,"second"
"645","11aug21_","d",69,3,1.257,13,"d_69_3",8,"second"
"646","11aug21_","d",69,15,0.515,13,"d_69_15",15,"second"
"647","11aug21_","d",71,8,0.626,13,"d_71_8",7,"second"
"648","11aug21_","d",73,13,0.438,13,"d_73_13",16,"second"
"649","11aug21_","d",83,14,0.267,13,"d_83_14",208,"second"
"650","11aug21_","d",85,4,1.033,13,"d_85_4",4,"second"
"651","11aug21_","d",87,14,1.285,13,"d_87_14",2,"second"
"652","11aug21_","d",91,10,0.418,13,"d_91_10",5,"second"
"653","11aug21_","d",93,7,0.562,13,"d_93_7",1,"second"
"654","11aug21_","d",93,14,0.336,13,"d_93_14",14,"second"
"655","12aug21_","d",101,6,0.298,13,"d_101_6",3,"second"
"656","12aug21_","d",101,10,1.333,13,"d_101_10",10,"second"
"657","12aug21_","d",103,5,0.914,13,"d_103_5",7,"second"
"658","12aug21_","d",107,9,0.42,13,"d_107_9",5,"second"
"659","12aug21_","d",107,12,0.688,13,"d_107_12",11,"second"
"660","12aug21_","d",111,9,0.462,13,"d_111_9",14,"second"
"661","12aug21_","d",117,13,0.564,13,"d_117_13",13,"second"
"662","12aug21_","d",121,12,0.775,13,"d_121_12",2,"second"
"663","12aug21_","d",125,14,1.426,13,"d_125_14",12,"second"
"664","12aug21_","d",129,4,0.311,13,"d_129_4",3,"second"
"665","12aug21_","d",129,10,0.612,13,"d_129_10",1,"second"
"666","13aug21_","d",137,7,0.458,13,"d_137_7",6,"second"
"667","13aug21_","d",139,15,0.359,13,"d_139_15",16,"second"
"668","13aug21_","d",141,14,0.51,13,"d_141_14",9,"second"
"669","13aug21_","d",149,9,1.36,13,"d_149_9",11,"second"
"670","13aug21_","d",151,5,0.624,13,"d_151_5",15,"second"
"671","13aug21_","d",151,10,0.637,13,"d_151_10",13,"second"
"672","13aug21_","d",153,13,1.281,13,"d_153_13",8,"second"
"673","09aug21_","c",5,6,0.214,13,"c_5_6",4,"second"
"674","09aug21_","c",11,3,1.163,13,"c_11_3",11,"second"
"675","09aug21_","c",13,2,NA,13,"c_13_2",12,"second"
"676","09aug21_","c",15,5,0.263,13,"c_15_5",7,"second"
"677","09aug21_","c",15,11,0.414,13,"c_15_11",8,"second"
"678","09aug21_","c",19,14,0.196,13,"c_19_14",15,"second"
"679","09aug21_","c",21,10,0.434,13,"c_21_10",2,"second"
"680","09aug21_","c",23,6,0.326,13,"c_23_6",16,"second"
"681","09aug21_","c",31,7,0.421,13,"c_31_7",13,"second"
"682","10aug21_","c",35,10,0.421,13,"c_35_10",9,"second"
"683","10aug21_","c",35,15,NA,13,"c_35_15",11,"second"
"684","10aug21_","c",39,11,0.395,13,"c_39_11",4,"second"
"685","10aug21_","c",41,3,0.428,13,"c_41_3",14,"second"
"686","10aug21_","c",45,13,0.673,13,"c_45_13",7,"second"
"687","10aug21_","c",47,5,0.89,13,"c_47_5",1,"second"
"688","10aug21_","c",51,10,0.314,13,"c_51_10",5,"second"
"689","10aug21_","c",55,12,0.74,13,"c_55_12",9,"second"
"690","10aug21_","c",65,5,0.916,13,"c_65_5",2,"second"
"691","11aug21_","c",69,4,0.276,13,"c_69_4",6,"second"
"692","11aug21_","c",83,3,0.294,13,"c_83_3",2,"second"
"693","11aug21_","c",87,6,0.914,13,"c_87_6",10,"second"
"694","11aug21_","c",91,8,0.784,13,"c_91_8",16,"second"
"695","11aug21_","c",93,5,0.502,13,"c_93_5",15,"second"
"696","11aug21_","c",95,3,1.011,13,"c_95_3",12,"second"
"697","11aug21_","c",99,3,1.004,13,"c_99_3",6,"second"
"698","11aug21_","c",99,11,0.938,13,"c_99_11",8,"second"
"699","12aug21_","c",103,10,0.489,13,"c_103_10",3,"second"
"700","12aug21_","c",111,9,0.623,13,"c_111_9",3,"second"
"701","12aug21_","c",113,2,0.43,13,"c_113_2",5,"second"
"702","12aug21_","c",113,5,0.569,13,"c_113_5",1,"second"
"703","12aug21_","c",115,8,NA,13,"c_115_8",9,"second"
"704","12aug21_","c",119,7,0.392,13,"c_119_7",13,"second"
"705","12aug21_","c",123,13,NA,13,"c_123_13",10,"second"
"706","12aug21_","c",125,10,0.399,13,"c_125_10",6,"second"
"707","12aug21_","c",125,11,0.383,13,"c_125_11",14,"second"
"708","13aug21_","c",135,5,0.207,13,"c_135_5",4,"second"
"709","13aug21_","c",137,7,0.279,13,"c_137_7",15,"second"
"710","13aug21_","c",137,8,0.262,13,"c_137_8",13,"second"
"711","13aug21_","c",137,9,0.781,13,"c_137_9",11,"second"
"712","13aug21_","c",137,11,0.465,13,"c_137_11",7,"second"
"713","13aug21_","c",137,12,0.305,13,"c_137_12",1,"second"
"714","13aug21_","c",139,5,0.361,13,"c_139_5",5,"second"
"715","13aug21_","c",139,11,0.745,13,"c_139_11",10,"second"
"716","13aug21_","c",141,6,0.668,13,"c_141_6",12,"second"
"717","13aug21_","c",145,5,0.578,13,"c_145_5",8,"second"
"718","13aug21_","c",149,12,0.515,13,"c_149_12",16,"second"
"719","13aug21_","c",151,11,0.365,13,"c_151_11",14,"second"
"720","13aug21_","c",155,4,0.402,13,"c_155_4",3,"second"
"721","09aug21_","d",3,11,NA,13,"d_3_11",12,"second"
"722","09aug21_","d",5,10,0.341,13,"d_5_10",14,"second"
"723","09aug21_","d",5,11,0.968,13,"d_5_11",7,"second"
"724","09aug21_","d",7,6,1.123,13,"d_7_6",8,"second"
"725","09aug21_","d",13,15,0.255,13,"d_13_15",13,"second"
"726","09aug21_","d",21,7,0.583,13,"d_21_7",6,"second"
"727","09aug21_","d",23,8,0.515,13,"d_23_8",16,"second"
"728","09aug21_","d",31,4,0.693,13,"d_31_4",1,"second"
"729","09aug21_","d",33,10,0.554,13,"d_33_10",10,"second"
"730","10aug21_","d",37,13,0.62,13,"d_37_13",5,"second"
"731","10aug21_","d",39,5,0.676,13,"d_39_5",15,"second"
"732","10aug21_","d",39,7,1.072,13,"d_39_7",2,"second"
"733","10aug21_","d",43,7,0.99,13,"d_43_7",4,"second"
"734","10aug21_","d",43,8,0.418,13,"d_43_8",3,"second"
"735","10aug21_","d",43,14,NA,13,"d_43_14",11,"second"
"736","10aug21_","d",51,6,1.715,13,"d_51_6",9,"second"
"737","10aug21_","d",59,8,0.983,13,"d_59_8",4,"second"
"738","10aug21_","d",61,5,0.531,13,"d_61_5",6,"second"
"739","10aug21_","d",61,13,NA,13,"d_61_13",10,"second"
"740","10aug21_","d",63,11,1.194,13,"d_63_11",9,"second"
"741","11aug21_","d",69,3,1.189,13,"d_69_3",8,"second"
"742","11aug21_","d",69,15,0.644,13,"d_69_15",15,"second"
"743","11aug21_","d",71,8,0.686,13,"d_71_8",7,"second"
"744","11aug21_","d",73,13,0.946,13,"d_73_13",16,"second"
"745","11aug21_","d",83,14,0.314,13,"d_83_14",208,"second"
"746","11aug21_","d",85,4,0.685,13,"d_85_4",4,"second"
"747","11aug21_","d",87,14,0.663,13,"d_87_14",2,"second"
"748","11aug21_","d",91,10,0.175,13,"d_91_10",5,"second"
"749","11aug21_","d",93,7,0.338,13,"d_93_7",1,"second"
"750","11aug21_","d",93,14,0.348,13,"d_93_14",14,"second"
"751","12aug21_","d",101,6,0.554,13,"d_101_6",3,"second"
"752","12aug21_","d",101,10,1.121,13,"d_101_10",10,"second"
"753","12aug21_","d",103,5,1.178,13,"d_103_5",7,"second"
"754","12aug21_","d",107,9,0.353,13,"d_107_9",5,"second"
"755","12aug21_","d",107,12,0.359,13,"d_107_12",11,"second"
"756","12aug21_","d",111,9,0.519,13,"d_111_9",14,"second"
"757","12aug21_","d",117,13,0.398,13,"d_117_13",13,"second"
"758","12aug21_","d",121,12,1.281,13,"d_121_12",2,"second"
"759","12aug21_","d",125,14,0.992,13,"d_125_14",12,"second"
"760","12aug21_","d",129,4,0.305,13,"d_129_4",3,"second"
"761","12aug21_","d",129,10,0.421,13,"d_129_10",1,"second"
"762","13aug21_","d",137,7,0.625,13,"d_137_7",6,"second"
"763","13aug21_","d",139,15,0.289,13,"d_139_15",16,"second"
"764","13aug21_","d",141,14,1.33,13,"d_141_14",9,"second"
"765","13aug21_","d",149,9,1.314,13,"d_149_9",11,"second"
"766","13aug21_","d",151,5,0.367,13,"d_151_5",15,"second"
"767","13aug21_","d",151,10,0.394,13,"d_151_10",13,"second"
"768","13aug21_","d",153,13,1.254,13,"d_153_13",8,"second"
"769","23aug21_","d",3,11,NA,13,"d_3_11",12,"third"
"770","23aug21_","d",5,11,0.943,13,"d_5_11",7,"third"
"771","23aug21_","d",5,10,1.19,13,"d_5_10",14,"third"
"772","23aug21_","d",7,6,1.065,13,"d_7_6",8,"third"
"773","23aug21_","d",13,15,0.888,13,"d_13_15",13,"third"
"774","23aug21_","d",21,7,0.683,13,"d_21_7",6,"third"
"775","23aug21_","d",23,8,1.25,13,"d_23_8",16,"third"
"776","23aug21_","d",31,4,0.67,13,"d_31_4",1,"third"
"777","23aug21_","d",33,10,1.03,13,"d_33_10",10,"third"
"778","23aug21_","d",37,13,1.113,13,"d_37_13",5,"third"
"779","23aug21_","d",39,7,0.875,13,"d_39_7",2,"third"
"780","23aug21_","d",39,5,1.022,13,"d_39_5",15,"third"
"781","23aug21_","c",39,11,0.857,13,"c_39_11",4,"third"
"782","23aug21_","c",35,15,NA,13,"c_35_15",11,"third"
"783","23aug21_","c",35,10,0.824,13,"c_35_10",9,"third"
"784","23aug21_","c",31,7,0.896,13,"c_31_7",13,"third"
"785","23aug21_","c",23,6,0.836,13,"c_23_6",16,"third"
"786","23aug21_","c",21,10,0.823,13,"c_21_10",2,"third"
"787","23aug21_","c",19,14,0.758,13,"c_19_14",15,"third"
"788","23aug21_","c",15,11,0.947,13,"c_15_11",8,"third"
"789","23aug21_","c",15,5,0.88,13,"c_15_5",7,"third"
"790","23aug21_","c",13,2,NA,13,"c_13_2",12,"third"
"791","23aug21_","c",11,3,0.887,13,"c_11_3",11,"third"
"792","23aug21_","c",5,6,0.475,13,"c_5_6",4,"third"
"793","23aug21_","d",3,11,NA,13,"d_3_11",12,"third"
"794","23aug21_","d",5,11,1.11,13,"d_5_11",7,"third"
"795","23aug21_","d",5,10,0.597,13,"d_5_10",14,"third"
"796","23aug21_","d",7,6,1.01,13,"d_7_6",8,"third"
"797","23aug21_","d",13,15,0.466,13,"d_13_15",13,"third"
"798","23aug21_","d",21,7,1.183,13,"d_21_7",6,"third"
"799","23aug21_","d",23,8,0.96,13,"d_23_8",16,"third"
"800","23aug21_","d",31,4,1.117,13,"d_31_4",1,"third"
"801","23aug21_","d",33,10,1.118,13,"d_33_10",10,"third"
"802","23aug21_","d",37,13,0.678,13,"d_37_13",5,"third"
"803","23aug21_","d",39,7,0.947,13,"d_39_7",2,"third"
"804","23aug21_","d",39,5,0.869,13,"d_39_5",15,"third"
"805","23aug21_","c",39,11,0.796,13,"c_39_11",4,"third"
"806","23aug21_","c",35,15,NA,13,"c_35_15",11,"third"
"807","23aug21_","c",35,10,0.448,13,"c_35_10",9,"third"
"808","23aug21_","c",31,7,0.71,13,"c_31_7",13,"third"
"809","23aug21_","c",23,6,0.798,13,"c_23_6",16,"third"
"810","23aug21_","c",21,10,0.5,13,"c_21_10",2,"third"
"811","23aug21_","c",19,14,0.751,13,"c_19_14",15,"third"
"812","23aug21_","c",15,11,0.906,13,"c_15_11",8,"third"
"813","23aug21_","c",15,5,0.601,13,"c_15_5",7,"third"
"814","23aug21_","c",13,2,NA,13,"c_13_2",12,"third"
"815","23aug21_","c",11,3,0.843,13,"c_11_3",11,"third"
"816","23aug21_","c",5,6,0.642,13,"c_5_6",4,"third"
"817","23aug21_","d",3,11,NA,6,"d_3_11",12,"third"
"818","23aug21_","d",5,11,0.212,6,"d_5_11",7,"third"
"819","23aug21_","d",5,10,0.168,6,"d_5_10",14,"third"
"820","23aug21_","d",7,6,0.285,6,"d_7_6",8,"third"
"821","23aug21_","d",13,15,0.23,6,"d_13_15",13,"third"
"822","23aug21_","d",21,7,0.215,6,"d_21_7",6,"third"
"823","23aug21_","d",23,8,0.182,6,"d_23_8",16,"third"
"824","23aug21_","d",31,4,0.207,6,"d_31_4",1,"third"
"825","23aug21_","d",33,10,0.216,6,"d_33_10",10,"third"
"826","23aug21_","d",37,13,0.264,6,"d_37_13",5,"third"
"827","23aug21_","d",39,7,0.197,6,"d_39_7",2,"third"
"828","23aug21_","d",39,5,0.166,6,"d_39_5",15,"third"
"829","23aug21_","c",39,11,0.167,6,"c_39_11",4,"third"
"830","23aug21_","c",35,15,NA,6,"c_35_15",11,"third"
"831","23aug21_","c",35,10,0.1,6,"c_35_10",9,"third"
"832","23aug21_","c",31,7,0.18,6,"c_31_7",13,"third"
"833","23aug21_","c",23,6,0.153,6,"c_23_6",16,"third"
"834","23aug21_","c",21,10,0.146,6,"c_21_10",2,"third"
"835","23aug21_","c",19,14,0.087,6,"c_19_14",15,"third"
"836","23aug21_","c",15,11,0.19,6,"c_15_11",8,"third"
"837","23aug21_","c",15,5,0.182,6,"c_15_5",7,"third"
"838","23aug21_","c",13,2,NA,6,"c_13_2",12,"third"
"839","23aug21_","c",11,3,0.137,6,"c_11_3",11,"third"
"840","23aug21_","c",5,6,0.22,6,"c_5_6",4,"third"
"841","23aug21_","d",3,11,NA,6,"d_3_11",12,"third"
"842","23aug21_","d",5,11,0.274,6,"d_5_11",7,"third"
"843","23aug21_","d",5,10,0.248,6,"d_5_10",14,"third"
"844","23aug21_","d",7,6,0.304,6,"d_7_6",8,"third"
"845","23aug21_","d",13,15,0.254,6,"d_13_15",13,"third"
"846","23aug21_","d",21,7,0.25,6,"d_21_7",6,"third"
"847","23aug21_","d",23,8,0.22,6,"d_23_8",16,"third"
"848","23aug21_","d",31,4,0.161,6,"d_31_4",1,"third"
"849","23aug21_","d",33,10,0.347,6,"d_33_10",10,"third"
"850","23aug21_","d",37,13,0.184,6,"d_37_13",5,"third"
"851","23aug21_","d",39,7,0.244,6,"d_39_7",2,"third"
"852","23aug21_","d",39,5,0.301,6,"d_39_5",15,"third"
"853","23aug21_","c",39,11,0.233,6,"c_39_11",4,"third"
"854","23aug21_","c",35,15,NA,6,"c_35_15",11,"third"
"855","23aug21_","c",35,10,0.126,6,"c_35_10",9,"third"
"856","23aug21_","c",31,7,0.103,6,"c_31_7",13,"third"
"857","23aug21_","c",23,6,0.165,6,"c_23_6",16,"third"
"858","23aug21_","c",21,10,0.13,6,"c_21_10",2,"third"
"859","23aug21_","c",19,14,0.16,6,"c_19_14",15,"third"
"860","23aug21_","c",15,11,0.341,6,"c_15_11",8,"third"
"861","23aug21_","c",15,5,0.255,6,"c_15_5",7,"third"
"862","23aug21_","c",13,2,NA,6,"c_13_2",12,"third"
"863","23aug21_","c",11,3,0.107,6,"c_11_3",11,"third"
"864","23aug21_","c",5,6,0.163,6,"c_5_6",4,"third"
"865","26aug21_","d",117,13,0.852,13,"d_117_13",13,"third"
"866","26aug21_","d",121,12,1.271,13,"d_121_12",2,"third"
"867","26aug21_","d",125,14,1.345,13,"d_125_14",12,"third"
"868","26aug21_","d",129,10,0.986,13,"d_129_10",1,"third"
"869","26aug21_","d",129,4,0.775,13,"d_129_4",3,"third"
"870","26aug21_","d",137,7,0.98,13,"d_137_7",6,"third"
"871","26aug21_","d",139,15,0.92,13,"d_139_15",16,"third"
"872","26aug21_","d",141,14,1.447,13,"d_141_14",9,"third"
"873","26aug21_","d",149,9,0.881,13,"d_149_9",11,"third"
"874","26aug21_","d",151,5,1.202,13,"d_151_5",15,"third"
"875","26aug21_","d",151,10,0.962,13,"d_151_10",13,"third"
"876","26aug21_","d",153,13,1.485,13,"d_153_13",8,"third"
"877","26aug21_","c",155,4,0.675,13,"c_155_4",3,"third"
"878","26aug21_","c",151,11,0.545,13,"c_151_11",14,"third"
"879","26aug21_","c",149,12,1.105,13,"c_149_12",16,"third"
"880","26aug21_","c",145,5,0.789,13,"c_145_5",8,"third"
"881","26aug21_","c",141,6,0.789,13,"c_141_6",12,"third"
"882","26aug21_","c",139,5,0.789,13,"c_139_5",5,"third"
"883","26aug21_","c",139,11,0.782,13,"c_139_11",10,"third"
"884","26aug21_","c",137,12,0.902,13,"c_137_12",1,"third"
"885","26aug21_","c",137,11,1.087,13,"c_137_11",7,"third"
"886","26aug21_","c",137,9,1.109,13,"c_137_9",11,"third"
"887","26aug21_","c",137,8,0.889,13,"c_137_8",13,"third"
"888","26aug21_","c",137,7,0.808,13,"c_137_7",15,"third"
"889","26aug21_","d",117,13,1.203,13,"d_117_13",13,"third"
"890","26aug21_","d",121,12,1.225,13,"d_121_12",2,"third"
"891","26aug21_","d",125,14,1.171,13,"d_125_14",12,"third"
"892","26aug21_","d",129,10,1.185,13,"d_129_10",1,"third"
"893","26aug21_","d",129,4,0.685,13,"d_129_4",3,"third"
"894","26aug21_","d",137,7,0.393,13,"d_137_7",6,"third"
"895","26aug21_","d",139,15,0.83,13,"d_139_15",16,"third"
"896","26aug21_","d",141,14,1.384,13,"d_141_14",9,"third"
"897","26aug21_","d",149,9,0.865,13,"d_149_9",11,"third"
"898","26aug21_","d",151,5,1.234,13,"d_151_5",15,"third"
"899","26aug21_","d",151,10,1.22,13,"d_151_10",13,"third"
"900","26aug21_","d",153,13,1.54,13,"d_153_13",8,"third"
"901","26aug21_","c",155,4,0.652,13,"c_155_4",3,"third"
"902","26aug21_","c",151,11,0.393,13,"c_151_11",14,"third"
"903","26aug21_","c",149,12,1.13,13,"c_149_12",16,"third"
"904","26aug21_","c",145,5,1.105,13,"c_145_5",8,"third"
"905","26aug21_","c",141,6,0.73,13,"c_141_6",12,"third"
"906","26aug21_","c",139,5,0.909,13,"c_139_5",5,"third"
"907","26aug21_","c",139,11,0.781,13,"c_139_11",10,"third"
"908","26aug21_","c",137,12,1.085,13,"c_137_12",1,"third"
"909","26aug21_","c",137,11,1.037,13,"c_137_11",7,"third"
"910","26aug21_","c",137,9,0.85,13,"c_137_9",11,"third"
"911","26aug21_","c",137,8,0.935,13,"c_137_8",13,"third"
"912","26aug21_","c",137,7,0.982,13,"c_137_7",15,"third"
"913","26aug21_","d",117,13,0.4,6,"d_117_13",13,"third"
"914","26aug21_","d",121,12,0.465,6,"d_121_12",2,"third"
"915","26aug21_","d",125,14,0.608,6,"d_125_14",12,"third"
"916","26aug21_","d",129,10,0.385,6,"d_129_10",1,"third"
"917","26aug21_","d",129,4,0.217,6,"d_129_4",3,"third"
"918","26aug21_","d",137,7,0.415,6,"d_137_7",6,"third"
"919","26aug21_","d",139,15,0.266,6,"d_139_15",16,"third"
"920","26aug21_","d",141,14,0.396,6,"d_141_14",9,"third"
"921","26aug21_","d",149,9,0.333,6,"d_149_9",11,"third"
"922","26aug21_","d",151,5,0.462,6,"d_151_5",15,"third"
"923","26aug21_","d",151,10,0.361,6,"d_151_10",13,"third"
"924","26aug21_","d",153,13,0.523,6,"d_153_13",8,"third"
"925","26aug21_","c",155,4,0.166,6,"c_155_4",3,"third"
"926","26aug21_","c",151,11,0.187,6,"c_151_11",14,"third"
"927","26aug21_","c",149,12,0.266,6,"c_149_12",16,"third"
"928","26aug21_","c",145,5,0.226,6,"c_145_5",8,"third"
"929","26aug21_","c",141,6,0.109,6,"c_141_6",12,"third"
"930","26aug21_","c",139,5,0.207,6,"c_139_5",5,"third"
"931","26aug21_","c",139,11,0.16,6,"c_139_11",10,"third"
"932","26aug21_","c",137,12,0.256,6,"c_137_12",1,"third"
"933","26aug21_","c",137,11,0.167,6,"c_137_11",7,"third"
"934","26aug21_","c",137,9,0.238,6,"c_137_9",11,"third"
"935","26aug21_","c",137,8,0.193,6,"c_137_8",13,"third"
"936","26aug21_","c",137,7,0.186,6,"c_137_7",15,"third"
"937","26aug21_","d",117,13,0.424,6,"d_117_13",13,"third"
"938","26aug21_","d",121,12,0.46,6,"d_121_12",2,"third"
"939","26aug21_","d",125,14,0.438,6,"d_125_14",12,"third"
"940","26aug21_","d",129,10,0.261,6,"d_129_10",1,"third"
"941","26aug21_","d",129,4,0.415,6,"d_129_4",3,"third"
"942","26aug21_","d",137,7,0.368,6,"d_137_7",6,"third"
"943","26aug21_","d",139,15,0.253,6,"d_139_15",16,"third"
"944","26aug21_","d",141,14,0.444,6,"d_141_14",9,"third"
"945","26aug21_","d",149,9,0.4,6,"d_149_9",11,"third"
"946","26aug21_","d",151,5,0.433,6,"d_151_5",15,"third"
"947","26aug21_","d",151,10,0.549,6,"d_151_10",13,"third"
"948","26aug21_","d",153,13,0.469,6,"d_153_13",8,"third"
"949","26aug21_","c",155,4,0.191,6,"c_155_4",3,"third"
"950","26aug21_","c",151,11,0.31,6,"c_151_11",14,"third"
"951","26aug21_","c",149,12,0.271,6,"c_149_12",16,"third"
"952","26aug21_","c",145,5,0.192,6,"c_145_5",8,"third"
"953","26aug21_","c",141,6,0.151,6,"c_141_6",12,"third"
"954","26aug21_","c",139,5,0.309,6,"c_139_5",5,"third"
"955","26aug21_","c",139,11,0.186,6,"c_139_11",10,"third"
"956","26aug21_","c",137,12,0.291,6,"c_137_12",1,"third"
"957","26aug21_","c",137,11,0.191,6,"c_137_11",7,"third"
"958","26aug21_","c",137,9,0.148,6,"c_137_9",11,"third"
"959","26aug21_","c",137,8,0.214,6,"c_137_8",13,"third"
"960","26aug21_","c",137,7,0.194,6,"c_137_7",15,"third"
"961","24aug21_","d",43,7,0.807,13,"d_43_7",4,"third"
"962","24aug21_","d",43,8,0.533,13,"d_43_8",3,"third"
"963","24aug21_","d",43,14,NA,13,"d_43_14",11,"third"
"964","24aug21_","d",51,6,1.288,13,"d_51_6",9,"third"
"965","24aug21_","d",59,8,1.09,13,"d_59_8",4,"third"
"966","24aug21_","d",61,5,1.13,13,"d_61_5",6,"third"
"967","24aug21_","d",61,13,NA,13,"d_61_13",10,"third"
"968","24aug21_","d",63,11,1.231,13,"d_63_11",9,"third"
"969","24aug21_","d",69,15,1.471,13,"d_69_15",15,"third"
"970","24aug21_","d",69,3,1.183,13,"d_69_3",8,"third"
"971","24aug21_","d",71,8,1.14,13,"d_71_8",7,"third"
"972","24aug21_","d",73,13,1.243,13,"d_73_13",16,"third"
"973","24aug21_","c",95,3,1.115,13,"c_95_3",12,"third"
"974","24aug21_","c",93,5,1.093,13,"c_93_5",15,"third"
"975","24aug21_","c",91,8,0.867,13,"c_91_8",16,"third"
"976","24aug21_","c",87,6,1.016,13,"c_87_6",10,"third"
"977","24aug21_","c",83,3,0.918,13,"c_83_3",2,"third"
"978","24aug21_","c",69,4,0.813,13,"c_69_4",6,"third"
"979","24aug21_","c",65,5,0.954,13,"c_65_5",2,"third"
"980","24aug21_","c",55,12,0.83,13,"c_55_12",9,"third"
"981","24aug21_","c",51,10,0.557,13,"c_51_10",5,"third"
"982","24aug21_","c",47,5,0.85,13,"c_47_5",1,"third"
"983","24aug21_","c",45,13,1.074,13,"c_45_13",7,"third"
"984","24aug21_","c",41,3,0.88,13,"c_41_3",14,"third"
"985","24aug21_","d",43,7,0.78,13,"d_43_7",4,"third"
"986","24aug21_","d",43,8,0.715,13,"d_43_8",3,"third"
"987","24aug21_","d",43,14,NA,13,"d_43_14",11,"third"
"988","24aug21_","d",51,6,1.248,13,"d_51_6",9,"third"
"989","24aug21_","d",59,8,1.233,13,"d_59_8",4,"third"
"990","24aug21_","d",61,5,1.199,13,"d_61_5",6,"third"
"991","24aug21_","d",61,13,NA,13,"d_61_13",10,"third"
"992","24aug21_","d",63,11,1.251,13,"d_63_11",9,"third"
"993","24aug21_","d",69,15,1.049,13,"d_69_15",15,"third"
"994","24aug21_","d",69,3,1.247,13,"d_69_3",8,"third"
"995","24aug21_","d",71,8,0.988,13,"d_71_8",7,"third"
"996","24aug21_","d",73,13,1.193,13,"d_73_13",16,"third"
"997","24aug21_","c",95,3,1.156,13,"c_95_3",12,"third"
"998","24aug21_","c",93,5,1.043,13,"c_93_5",15,"third"
"999","24aug21_","c",91,8,1.097,13,"c_91_8",16,"third"
"1000","24aug21_","c",87,6,0.84,13,"c_87_6",10,"third"
"1001","24aug21_","c",83,3,0.485,13,"c_83_3",2,"third"
"1002","24aug21_","c",69,4,0.783,13,"c_69_4",6,"third"
"1003","24aug21_","c",65,5,0.888,13,"c_65_5",2,"third"
"1004","24aug21_","c",55,12,0.922,13,"c_55_12",9,"third"
"1005","24aug21_","c",51,10,0.94,13,"c_51_10",5,"third"
"1006","24aug21_","c",47,5,0.939,13,"c_47_5",1,"third"
"1007","24aug21_","c",45,13,0.836,13,"c_45_13",7,"third"
"1008","24aug21_","c",41,3,0.435,13,"c_41_3",14,"third"
"1009","24aug21_","d",43,7,0.273,6,"d_43_7",4,"third"
"1010","24aug21_","d",43,8,0.377,6,"d_43_8",3,"third"
"1011","24aug21_","d",43,14,NA,6,"d_43_14",11,"third"
"1012","24aug21_","d",51,6,0.234,6,"d_51_6",9,"third"
"1013","24aug21_","d",59,8,0.316,6,"d_59_8",4,"third"
"1014","24aug21_","d",61,5,0.252,6,"d_61_5",6,"third"
"1015","24aug21_","d",61,13,NA,6,"d_61_13",10,"third"
"1016","24aug21_","d",63,11,0.437,6,"d_63_11",9,"third"
"1017","24aug21_","d",69,15,0.306,6,"d_69_15",15,"third"
"1018","24aug21_","d",69,3,0.357,6,"d_69_3",8,"third"
"1019","24aug21_","d",71,8,0.285,6,"d_71_8",7,"third"
"1020","24aug21_","d",73,13,0.138,6,"d_73_13",16,"third"
"1021","24aug21_","c",95,3,0.24,6,"c_95_3",12,"third"
"1022","24aug21_","c",93,5,0.184,6,"c_93_5",15,"third"
"1023","24aug21_","c",91,8,0.181,6,"c_91_8",16,"third"
"1024","24aug21_","c",87,6,0.124,6,"c_87_6",10,"third"
"1025","24aug21_","c",83,3,0.176,6,"c_83_3",2,"third"
"1026","24aug21_","c",69,4,0.111,6,"c_69_4",6,"third"
"1027","24aug21_","c",65,5,0.169,6,"c_65_5",2,"third"
"1028","24aug21_","c",55,12,0.309,6,"c_55_12",9,"third"
"1029","24aug21_","c",51,10,0.265,6,"c_51_10",5,"third"
"1030","24aug21_","c",47,5,0.213,6,"c_47_5",1,"third"
"1031","24aug21_","c",45,13,0.158,6,"c_45_13",7,"third"
"1032","24aug21_","c",41,3,0.177,6,"c_41_3",14,"third"
"1033","24aug21_","d",43,7,0.278,6,"d_43_7",4,"third"
"1034","24aug21_","d",43,8,0.308,6,"d_43_8",3,"third"
"1035","24aug21_","d",43,14,NA,6,"d_43_14",11,"third"
"1036","24aug21_","d",51,6,0.278,6,"d_51_6",9,"third"
"1037","24aug21_","d",59,8,0.384,6,"d_59_8",4,"third"
"1038","24aug21_","d",61,5,0.344,6,"d_61_5",6,"third"
"1039","24aug21_","d",61,13,NA,6,"d_61_13",10,"third"
"1040","24aug21_","d",63,11,0.225,6,"d_63_11",9,"third"
"1041","24aug21_","d",69,15,0.206,6,"d_69_15",15,"third"
"1042","24aug21_","d",69,3,0.378,6,"d_69_3",8,"third"
"1043","24aug21_","d",71,8,0.245,6,"d_71_8",7,"third"
"1044","24aug21_","d",73,13,0.261,6,"d_73_13",16,"third"
"1045","24aug21_","c",95,3,0.117,6,"c_95_3",12,"third"
"1046","24aug21_","c",93,5,0.222,6,"c_93_5",15,"third"
"1047","24aug21_","c",91,8,0.183,6,"c_91_8",16,"third"
"1048","24aug21_","c",87,6,0.213,6,"c_87_6",10,"third"
"1049","24aug21_","c",83,3,0.183,6,"c_83_3",2,"third"
"1050","24aug21_","c",69,4,0.222,6,"c_69_4",6,"third"
"1051","24aug21_","c",65,5,0.237,6,"c_65_5",2,"third"
"1052","24aug21_","c",55,12,0.143,6,"c_55_12",9,"third"
"1053","24aug21_","c",51,10,0.186,6,"c_51_10",5,"third"
"1054","24aug21_","c",47,5,0.203,6,"c_47_5",1,"third"
"1055","24aug21_","c",45,13,0.223,6,"c_45_13",7,"third"
"1056","24aug21_","c",41,3,0.294,6,"c_41_3",14,"third"
"1057","25aug21_","d",83,13,1.301,13,"d_83_13",12,"third"
"1058","25aug21_","d",85,4,0.815,13,"d_85_4",4,"third"
"1059","25aug21_","d",87,14,1.156,13,"d_87_14",2,"third"
"1060","25aug21_","d",91,10,0.826,13,"d_91_10",5,"third"
"1061","25aug21_","d",93,7,1.235,13,"d_93_7",1,"third"
"1062","25aug21_","d",93,14,0.495,13,"d_93_14",14,"third"
"1063","25aug21_","d",101,10,0.704,13,"d_101_10",10,"third"
"1064","25aug21_","d",101,6,0.687,13,"d_101_6",3,"third"
"1065","25aug21_","d",103,5,1.266,13,"d_103_5",7,"third"
"1066","25aug21_","d",107,9,0.475,13,"d_107_9",5,"third"
"1067","25aug21_","d",107,12,1.03,13,"d_107_12",11,"third"
"1068","25aug21_","d",111,9,0.475,13,"d_111_9",14,"third"
"1069","25aug21_","c",135,5,1.048,13,"c_135_5",4,"third"
"1070","25aug21_","c",125,10,0.576,13,"c_125_10",6,"third"
"1071","25aug21_","c",125,11,0.544,13,"c_125_11",14,"third"
"1072","25aug21_","c",123,13,NA,13,"c_123_13",10,"third"
"1073","25aug21_","c",119,7,0.649,13,"c_119_7",13,"third"
"1074","25aug21_","c",115,8,NA,13,"c_115_8",9,"third"
"1075","25aug21_","c",113,5,0.777,13,"c_113_5",1,"third"
"1076","25aug21_","c",113,2,0.736,13,"c_113_2",5,"third"
"1077","25aug21_","c",111,9,0.683,13,"c_111_9",3,"third"
"1078","25aug21_","c",103,10,0.509,13,"c_103_10",3,"third"
"1079","25aug21_","c",99,11,0.813,13,"c_99_11",8,"third"
"1080","25aug21_","c",99,3,0.695,13,"c_99_3",6,"third"
"1081","25aug21_","d",83,13,1.251,13,"d_83_13",12,"third"
"1082","25aug21_","d",85,4,1.093,13,"d_85_4",4,"third"
"1083","25aug21_","d",87,14,0.928,13,"d_87_14",2,"third"
"1084","25aug21_","d",91,10,0.39,13,"d_91_10",5,"third"
"1085","25aug21_","d",93,7,1.315,13,"d_93_7",1,"third"
"1086","25aug21_","d",93,14,1.107,13,"d_93_14",14,"third"
"1087","25aug21_","d",101,10,0.614,13,"d_101_10",10,"third"
"1088","25aug21_","d",101,6,0.723,13,"d_101_6",3,"third"
"1089","25aug21_","d",103,5,0.909,13,"d_103_5",7,"third"
"1090","25aug21_","d",107,9,0.571,13,"d_107_9",5,"third"
"1091","25aug21_","d",107,12,1.207,13,"d_107_12",11,"third"
"1092","25aug21_","d",111,9,0.5,13,"d_111_9",14,"third"
"1093","25aug21_","c",135,5,0.952,13,"c_135_5",4,"third"
"1094","25aug21_","c",125,10,0.522,13,"c_125_10",6,"third"
"1095","25aug21_","c",125,11,1.014,13,"c_125_11",14,"third"
"1096","25aug21_","c",123,13,NA,13,"c_123_13",10,"third"
"1097","25aug21_","c",119,7,0.823,13,"c_119_7",13,"third"
"1098","25aug21_","c",115,8,NA,13,"c_115_8",9,"third"
"1099","25aug21_","c",113,5,0.888,13,"c_113_5",1,"third"
"1100","25aug21_","c",113,2,0.776,13,"c_113_2",5,"third"
"1101","25aug21_","c",111,9,0.65,13,"c_111_9",3,"third"
"1102","25aug21_","c",103,10,0.347,13,"c_103_10",3,"third"
"1103","25aug21_","c",99,11,1.15,13,"c_99_11",8,"third"
"1104","25aug21_","c",99,3,0.821,13,"c_99_3",6,"third"
"1105","25aug21_","d",83,13,NA,6,"d_83_13",12,"third"
"1106","25aug21_","d",85,4,0.479,6,"d_85_4",4,"third"
"1107","25aug21_","d",87,14,0.348,6,"d_87_14",2,"third"
"1108","25aug21_","d",91,10,0.535,6,"d_91_10",5,"third"
"1109","25aug21_","d",93,7,0.306,6,"d_93_7",1,"third"
"1110","25aug21_","d",93,14,0.414,6,"d_93_14",14,"third"
"1111","25aug21_","d",101,10,0.381,6,"d_101_10",10,"third"
"1112","25aug21_","d",101,6,0.481,6,"d_101_6",3,"third"
"1113","25aug21_","d",103,5,0.617,6,"d_103_5",7,"third"
"1114","25aug21_","d",107,9,0.419,6,"d_107_9",5,"third"
"1115","25aug21_","d",107,12,0.475,6,"d_107_12",11,"third"
"1116","25aug21_","d",111,9,0.38,6,"d_111_9",14,"third"
"1117","25aug21_","c",135,5,0.313,6,"c_135_5",4,"third"
"1118","25aug21_","c",125,10,0.214,6,"c_125_10",6,"third"
"1119","25aug21_","c",125,11,0.227,6,"c_125_11",14,"third"
"1120","25aug21_","c",123,13,NA,6,"c_123_13",10,"third"
"1121","25aug21_","c",119,7,0.231,6,"c_119_7",13,"third"
"1122","25aug21_","c",115,8,NA,6,"c_115_8",9,"third"
"1123","25aug21_","c",113,5,0.183,6,"c_113_5",1,"third"
"1124","25aug21_","c",113,2,0.23,6,"c_113_2",5,"third"
"1125","25aug21_","c",111,9,0.193,6,"c_111_9",3,"third"
"1126","25aug21_","c",103,10,0.167,6,"c_103_10",3,"third"
"1127","25aug21_","c",99,11,0.322,6,"c_99_11",8,"third"
"1128","25aug21_","c",99,3,0.146,6,"c_99_3",6,"third"
"1129","25aug21_","d",83,13,NA,6,"d_83_13",12,"third"
"1130","25aug21_","d",85,4,0.567,6,"d_85_4",4,"third"
"1131","25aug21_","d",87,14,0.414,6,"d_87_14",2,"third"
"1132","25aug21_","d",91,10,0.446,6,"d_91_10",5,"third"
"1133","25aug21_","d",93,7,0.478,6,"d_93_7",1,"third"
"1134","25aug21_","d",93,14,0.315,6,"d_93_14",14,"third"
"1135","25aug21_","d",101,10,0.404,6,"d_101_10",10,"third"
"1136","25aug21_","d",101,6,0.368,6,"d_101_6",3,"third"
"1137","25aug21_","d",103,5,0.498,6,"d_103_5",7,"third"
"1138","25aug21_","d",107,9,0.385,6,"d_107_9",5,"third"
"1139","25aug21_","d",107,12,0.554,6,"d_107_12",11,"third"
"1140","25aug21_","d",111,9,0.217,6,"d_111_9",14,"third"
"1141","25aug21_","c",135,5,0.251,6,"c_135_5",4,"third"
"1142","25aug21_","c",125,10,0.301,6,"c_125_10",6,"third"
"1143","25aug21_","c",125,11,0.252,6,"c_125_11",14,"third"
"1144","25aug21_","c",123,13,NA,6,"c_123_13",10,"third"
"1145","25aug21_","c",119,7,0.297,6,"c_119_7",13,"third"
"1146","25aug21_","c",115,8,NA,6,"c_115_8",9,"third"
"1147","25aug21_","c",113,5,0.34,6,"c_113_5",1,"third"
"1148","25aug21_","c",113,2,0.267,6,"c_113_2",5,"third"
"1149","25aug21_","c",111,9,0.23,6,"c_111_9",3,"third"
"1150","25aug21_","c",103,10,0.238,6,"c_103_10",3,"third"
"1151","25aug21_","c",99,11,0.335,6,"c_99_11",8,"third"
"1152","25aug21_","c",99,3,0.214,6,"c_99_3",6,"third"
